Workbook
Name Cand: Calc!$A$2:$L$97
Name Lower: Calc!$N$2
Name Upper: Calc!$O$2

Sheet BidScale
A1: buy_price_1 | B1: buy_price_2 | C1: buy_price_3 | D1: sell_price 1 | E1: sell_price 2 | F1: sell_price_3 | H1: QH | I1: Period (local)
A2: -650 | B2: 37.5 | C2: 47.5 | D2: 57.5 | E2: 67.5 | F2: 77.5 | H2: 1 | I2: 00:00-00:15
A3: 30 | B3: -601 | C3: 50 | D3: 60 | E3: 70 | F3: 80 | H3: 2 | I3: 00:15-00:30
A4: 27.5 | B4: 37.5 | C4: 4001 | D4: 57.5 | E4: 67.5 | F4: 77.5 | H4: 3 | I4: 00:30-00:45
A5: 22.5 | B5: 32.5 | C5: 42.5 | D5: -700 | E5: 62.5 | F5: 72.5 | H5: 4 | I5: 00:45-01:00
A6: 25 | B6: 35 | C6: 45 | D6: 55 | E6: 4000.1 | F6: 75 | H6: 5 | I6: 01:00-01:15
A7: 25 | B7: 35 | C7: 45 | D7: 55 | E7: 65 | F7: 4500 | H7: 6 | I7: 01:15-01:30
A8: -600 | B8: 32.5 | C8: 42.5 | D8: 52.5 | E8: 62.5 | F8: 72.5 | H8: 7 | I8: 01:30-01:45
A9: 17.5 | B9: 27.5 | C9: 37.5 | D9: -600 | E9: 57.5 | F9: 67.5 | H9: 8 | I9: 01:45-02:00
A10: 20 | B10: 30 | C10: 4000 | D10: 50 | E10: 60 | F10: 70 | H10: 9 | I10: 02:00-02:15
A11: 22.5 | B11: 32.5 | C11: 42.5 | D11: 52.5 | E11: 62.5 | F11: 4000 | H11: 10 | I11: 02:15-02:30
A12: 17.5 | B12: 50 | C12: 37.5 | D12: 47.5 | E12: 50 | F12: 67.5 | H12: 11 | I12: 02:30-02:45
A13: 75 | B13: 25 | C13: 35 | D13: 75 | E13: 55 | F13: 65 | H13: 12 | I13: 02:45-03:00
... A97: 30 | B97: 40 | C97: 50 | D97: 60 | E97: 70 | F97: 80 | H97: 96 | I97: 23:45-00:00
A99: Output breakpoints (EUR/MWh) → | E99: Count: | F99: =COUNT(A100:ARJ100) -> 160
A100: =Lower -> -600 | B100: =IF(OR(A100="",A100>=Upper),"",MIN(Upper,IFERROR(SMALL(Cand,COUNTIF(Cand,"<="&A100)+1),Upper))) -> -7.6 | C100: =IF(OR(B100="",B100>=Upper),"",MIN(Upper,IFERROR(SMALL(Cand,COUNTIF(Cand,"<="&B100)+1),Upper))) -> -7.5 | D100: =IF(OR(C100="",C100>=Upper),"",MIN(Upper,IFERROR(SMALL(Cand,COUNTIF(Cand,"<="&C100)+1),Upper))) -> -5.1 | E100: =IF(OR(D100="",D100>=Upper),"",MIN(Upper,IFERROR(SMALL(Cand,COUNTIF(Cand,"<="&D100)+1),Upper))) -> -5 | F100: =IF(OR(E100="",E100>=Upper),"",MIN(Upper,IFERROR(SMALL(Cand,COUNTIF(Cand,"<="&E100)+1),Upper))) -> -2.6 | G100: =IF(OR(F100="",F100>=Upper),"",MIN(Upper,IFERROR(SMALL(Cand,COUNTIF(Cand,"<="&F100)+1),Upper))) -> -2.5 | H100: =IF(OR(G100="",G100>=Upper),"",MIN(Upper,IFERROR(SMALL(Cand,COUNTIF(Cand,"<="&G100)+1),Upper))) -> -0.1 | I100: =IF(OR(H100="",H100>=Upper),"",MIN(Upper,IFERROR(SMALL(Cand,COUNTIF(Cand,"<="&H100)+1),Upper))) -> 0 | ... ARJ100: =IF(OR(ARI100="",ARI100>=Upper),"",MIN(Upper,IFERROR(SMALL(Cand,COUNTIF(Cand,"<="&ARI100)+1),Upper)))

Sheet Calc
A1: Buy 1 -0.1 | B1: Buy 1 | C1: Buy 2 -0.1 | D1: Buy 2 | E1: Buy 3 -0.1 | F1: Buy 3 | G1: Sell 1 | H1: Sell 1 +0.1 | I1: Sell 2 | J1: Sell 2 +0.1 | K1: Sell 3 | L1: Sell 3 +0.1 | N1: Lower | O1: Upper
A2: =IF(ISNUMBER(BidScale!A2),IF(AND(BidScale!A2>Lower,BidScale!A2<Upper,ROUND(BidScale!A2-0.1,4)>=Lower,ROUND(BidScale!A2-0.1,4)<=Upper),ROUND(BidScale!A2-0.1,4),""),"") | B2: =IF(ISNUMBER(BidScale!A2),IF(AND(BidScale!A2>Lower,BidScale!A2<Upper,ROUND(BidScale!A2,4)>=Lower,ROUND(BidScale!A2,4)<=Upper),ROUND(BidScale!A2,4),""),"") | C2: =IF(ISNUMBER(BidScale!B2),IF(AND(BidScale!B2>Lower,BidScale!B2<Upper,ROUND(BidScale!B2-0.1,4)>=Lower,ROUND(BidScale!B2-0.1,4)<=Upper),ROUND(BidScale!B2-0.1,4),""),"") -> 37.4 | D2: =IF(ISNUMBER(BidScale!B2),IF(AND(BidScale!B2>Lower,BidScale!B2<Upper,ROUND(BidScale!B2,4)>=Lower,ROUND(BidScale!B2,4)<=Upper),ROUND(BidScale!B2,4),""),"") -> 37.5 | E2: =IF(ISNUMBER(BidScale!C2),IF(AND(BidScale!C2>Lower,BidScale!C2<Upper,ROUND(BidScale!C2-0.1,4)>=Lower,ROUND(BidScale!C2-0.1,4)<=Upper),ROUND(BidScale!C2-0.1,4),""),"") -> 47.4 | F2: =IF(ISNUMBER(BidScale!C2),IF(AND(BidScale!C2>Lower,BidScale!C2<Upper,ROUND(BidScale!C2,4)>=Lower,ROUND(BidScale!C2,4)<=Upper),ROUND(BidScale!C2,4),""),"") -> 47.5 | G2: =IF(ISNUMBER(BidScale!D2),IF(AND(BidScale!D2>Lower,BidScale!D2<Upper,ROUND(BidScale!D2,4)>=Lower,ROUND(BidScale!D2,4)<=Upper),ROUND(BidScale!D2,4),""),"") -> 57.5 | H2: =IF(ISNUMBER(BidScale!D2),IF(AND(BidScale!D2>Lower,BidScale!D2<Upper,ROUND(BidScale!D2+0.1,4)>=Lower,ROUND(BidScale!D2+0.1,4)<=Upper),ROUND(BidScale!D2+0.1,4),""),"") -> 57.6 | I2: =IF(ISNUMBER(BidScale!E2),IF(AND(BidScale!E2>Lower,BidScale!E2<Upper,ROUND(BidScale!E2,4)>=Lower,ROUND(BidScale!E2,4)<=Upper),ROUND(BidScale!E2,4),""),"") -> 67.5 | J2: =IF(ISNUMBER(BidScale!E2),IF(AND(BidScale!E2>Lower,BidScale!E2<Upper,ROUND(BidScale!E2+0.1,4)>=Lower,ROUND(BidScale!E2+0.1,4)<=Upper),ROUND(BidScale!E2+0.1,4),""),"") -> 67.6 | K2: =IF(ISNUMBER(BidScale!F2),IF(AND(BidScale!F2>Lower,BidScale!F2<Upper,ROUND(BidScale!F2,4)>=Lower,ROUND(BidScale!F2,4)<=Upper),ROUND(BidScale!F2,4),""),"") -> 77.5 | L2: =IF(ISNUMBER(BidScale!F2),IF(AND(BidScale!F2>Lower,BidScale!F2<Upper,ROUND(BidScale!F2+0.1,4)>=Lower,ROUND(BidScale!F2+0.1,4)<=Upper),ROUND(BidScale!F2+0.1,4),""),"") -> 77.6 | N2: -600 | O2: 4000
A3: =IF(ISNUMBER(BidScale!A3),IF(AND(BidScale!A3>Lower,BidScale!A3<Upper,ROUND(BidScale!A3-0.1,4)>=Lower,ROUND(BidScale!A3-0.1,4)<=Upper),ROUND(BidScale!A3-0.1,4),""),"") -> 29.9 | B3: =IF(ISNUMBER(BidScale!A3),IF(AND(BidScale!A3>Lower,BidScale!A3<Upper,ROUND(BidScale!A3,4)>=Lower,ROUND(BidScale!A3,4)<=Upper),ROUND(BidScale!A3,4),""),"") -> 30 | C3: =IF(ISNUMBER(BidScale!B3),IF(AND(BidScale!B3>Lower,BidScale!B3<Upper,ROUND(BidScale!B3-0.1,4)>=Lower,ROUND(BidScale!B3-0.1,4)<=Upper),ROUND(BidScale!B3-0.1,4),""),"") | D3: =IF(ISNUMBER(BidScale!B3),IF(AND(BidScale!B3>Lower,BidScale!B3<Upper,ROUND(BidScale!B3,4)>=Lower,ROUND(BidScale!B3,4)<=Upper),ROUND(BidScale!B3,4),""),"") | E3: =IF(ISNUMBER(BidScale!C3),IF(AND(BidScale!C3>Lower,BidScale!C3<Upper,ROUND(BidScale!C3-0.1,4)>=Lower,ROUND(BidScale!C3-0.1,4)<=Upper),ROUND(BidScale!C3-0.1,4),""),"") -> 49.9 | F3: =IF(ISNUMBER(BidScale!C3),IF(AND(BidScale!C3>Lower,BidScale!C3<Upper,ROUND(BidScale!C3,4)>=Lower,ROUND(BidScale!C3,4)<=Upper),ROUND(BidScale!C3,4),""),"") -> 50 | G3: =IF(ISNUMBER(BidScale!D3),IF(AND(BidScale!D3>Lower,BidScale!D3<Upper,ROUND(BidScale!D3,4)>=Lower,ROUND(BidScale!D3,4)<=Upper),ROUND(BidScale!D3,4),""),"") -> 60 | H3: =IF(ISNUMBER(BidScale!D3),IF(AND(BidScale!D3>Lower,BidScale!D3<Upper,ROUND(BidScale!D3+0.1,4)>=Lower,ROUND(BidScale!D3+0.1,4)<=Upper),ROUND(BidScale!D3+0.1,4),""),"") -> 60.1 | I3: =IF(ISNUMBER(BidScale!E3),IF(AND(BidScale!E3>Lower,BidScale!E3<Upper,ROUND(BidScale!E3,4)>=Lower,ROUND(BidScale!E3,4)<=Upper),ROUND(BidScale!E3,4),""),"") -> 70 | J3: =IF(ISNUMBER(BidScale!E3),IF(AND(BidScale!E3>Lower,BidScale!E3<Upper,ROUND(BidScale!E3+0.1,4)>=Lower,ROUND(BidScale!E3+0.1,4)<=Upper),ROUND(BidScale!E3+0.1,4),""),"") -> 70.1 | K3: =IF(ISNUMBER(BidScale!F3),IF(AND(BidScale!F3>Lower,BidScale!F3<Upper,ROUND(BidScale!F3,4)>=Lower,ROUND(BidScale!F3,4)<=Upper),ROUND(BidScale!F3,4),""),"") -> 80 | L3: =IF(ISNUMBER(BidScale!F3),IF(AND(BidScale!F3>Lower,BidScale!F3<Upper,ROUND(BidScale!F3+0.1,4)>=Lower,ROUND(BidScale!F3+0.1,4)<=Upper),ROUND(BidScale!F3+0.1,4),""),"") -> 80.1
A4: =IF(ISNUMBER(BidScale!A4),IF(AND(BidScale!A4>Lower,BidScale!A4<Upper,ROUND(BidScale!A4-0.1,4)>=Lower,ROUND(BidScale!A4-0.1,4)<=Upper),ROUND(BidScale!A4-0.1,4),""),"") -> 27.4 | B4: =IF(ISNUMBER(BidScale!A4),IF(AND(BidScale!A4>Lower,BidScale!A4<Upper,ROUND(BidScale!A4,4)>=Lower,ROUND(BidScale!A4,4)<=Upper),ROUND(BidScale!A4,4),""),"") -> 27.5 | C4: =IF(ISNUMBER(BidScale!B4),IF(AND(BidScale!B4>Lower,BidScale!B4<Upper,ROUND(BidScale!B4-0.1,4)>=Lower,ROUND(BidScale!B4-0.1,4)<=Upper),ROUND(BidScale!B4-0.1,4),""),"") -> 37.4 | D4: =IF(ISNUMBER(BidScale!B4),IF(AND(BidScale!B4>Lower,BidScale!B4<Upper,ROUND(BidScale!B4,4)>=Lower,ROUND(BidScale!B4,4)<=Upper),ROUND(BidScale!B4,4),""),"") -> 37.5 | E4: =IF(ISNUMBER(BidScale!C4),IF(AND(BidScale!C4>Lower,BidScale!C4<Upper,ROUND(BidScale!C4-0.1,4)>=Lower,ROUND(BidScale!C4-0.1,4)<=Upper),ROUND(BidScale!C4-0.1,4),""),"") | F4: =IF(ISNUMBER(BidScale!C4),IF(AND(BidScale!C4>Lower,BidScale!C4<Upper,ROUND(BidScale!C4,4)>=Lower,ROUND(BidScale!C4,4)<=Upper),ROUND(BidScale!C4,4),""),"") | G4: =IF(ISNUMBER(BidScale!D4),IF(AND(BidScale!D4>Lower,BidScale!D4<Upper,ROUND(BidScale!D4,4)>=Lower,ROUND(BidScale!D4,4)<=Upper),ROUND(BidScale!D4,4),""),"") -> 57.5 | H4: =IF(ISNUMBER(BidScale!D4),IF(AND(BidScale!D4>Lower,BidScale!D4<Upper,ROUND(BidScale!D4+0.1,4)>=Lower,ROUND(BidScale!D4+0.1,4)<=Upper),ROUND(BidScale!D4+0.1,4),""),"") -> 57.6 | I4: =IF(ISNUMBER(BidScale!E4),IF(AND(BidScale!E4>Lower,BidScale!E4<Upper,ROUND(BidScale!E4,4)>=Lower,ROUND(BidScale!E4,4)<=Upper),ROUND(BidScale!E4,4),""),"") -> 67.5 | J4: =IF(ISNUMBER(BidScale!E4),IF(AND(BidScale!E4>Lower,BidScale!E4<Upper,ROUND(BidScale!E4+0.1,4)>=Lower,ROUND(BidScale!E4+0.1,4)<=Upper),ROUND(BidScale!E4+0.1,4),""),"") -> 67.6 | K4: =IF(ISNUMBER(BidScale!F4),IF(AND(BidScale!F4>Lower,BidScale!F4<Upper,ROUND(BidScale!F4,4)>=Lower,ROUND(BidScale!F4,4)<=Upper),ROUND(BidScale!F4,4),""),"") -> 77.5 | L4: =IF(ISNUMBER(BidScale!F4),IF(AND(BidScale!F4>Lower,BidScale!F4<Upper,ROUND(BidScale!F4+0.1,4)>=Lower,ROUND(BidScale!F4+0.1,4)<=Upper),ROUND(BidScale!F4+0.1,4),""),"") -> 77.6
A5: =IF(ISNUMBER(BidScale!A5),IF(AND(BidScale!A5>Lower,BidScale!A5<Upper,ROUND(BidScale!A5-0.1,4)>=Lower,ROUND(BidScale!A5-0.1,4)<=Upper),ROUND(BidScale!A5-0.1,4),""),"") -> 22.4 | B5: =IF(ISNUMBER(BidScale!A5),IF(AND(BidScale!A5>Lower,BidScale!A5<Upper,ROUND(BidScale!A5,4)>=Lower,ROUND(BidScale!A5,4)<=Upper),ROUND(BidScale!A5,4),""),"") -> 22.5 | C5: =IF(ISNUMBER(BidScale!B5),IF(AND(BidScale!B5>Lower,BidScale!B5<Upper,ROUND(BidScale!B5-0.1,4)>=Lower,ROUND(BidScale!B5-0.1,4)<=Upper),ROUND(BidScale!B5-0.1,4),""),"") -> 32.4 | D5: =IF(ISNUMBER(BidScale!B5),IF(AND(BidScale!B5>Lower,BidScale!B5<Upper,ROUND(BidScale!B5,4)>=Lower,ROUND(BidScale!B5,4)<=Upper),ROUND(BidScale!B5,4),""),"") -> 32.5 | E5: =IF(ISNUMBER(BidScale!C5),IF(AND(BidScale!C5>Lower,BidScale!C5<Upper,ROUND(BidScale!C5-0.1,4)>=Lower,ROUND(BidScale!C5-0.1,4)<=Upper),ROUND(BidScale!C5-0.1,4),""),"") -> 42.4 | F5: =IF(ISNUMBER(BidScale!C5),IF(AND(BidScale!C5>Lower,BidScale!C5<Upper,ROUND(BidScale!C5,4)>=Lower,ROUND(BidScale!C5,4)<=Upper),ROUND(BidScale!C5,4),""),"") -> 42.5 | G5: =IF(ISNUMBER(BidScale!D5),IF(AND(BidScale!D5>Lower,BidScale!D5<Upper,ROUND(BidScale!D5,4)>=Lower,ROUND(BidScale!D5,4)<=Upper),ROUND(BidScale!D5,4),""),"") | H5: =IF(ISNUMBER(BidScale!D5),IF(AND(BidScale!D5>Lower,BidScale!D5<Upper,ROUND(BidScale!D5+0.1,4)>=Lower,ROUND(BidScale!D5+0.1,4)<=Upper),ROUND(BidScale!D5+0.1,4),""),"") | I5: =IF(ISNUMBER(BidScale!E5),IF(AND(BidScale!E5>Lower,BidScale!E5<Upper,ROUND(BidScale!E5,4)>=Lower,ROUND(BidScale!E5,4)<=Upper),ROUND(BidScale!E5,4),""),"") -> 62.5 | J5: =IF(ISNUMBER(BidScale!E5),IF(AND(BidScale!E5>Lower,BidScale!E5<Upper,ROUND(BidScale!E5+0.1,4)>=Lower,ROUND(BidScale!E5+0.1,4)<=Upper),ROUND(BidScale!E5+0.1,4),""),"") -> 62.6 | K5: =IF(ISNUMBER(BidScale!F5),IF(AND(BidScale!F5>Lower,BidScale!F5<Upper,ROUND(BidScale!F5,4)>=Lower,ROUND(BidScale!F5,4)<=Upper),ROUND(BidScale!F5,4),""),"") -> 72.5 | L5: =IF(ISNUMBER(BidScale!F5),IF(AND(BidScale!F5>Lower,BidScale!F5<Upper,ROUND(BidScale!F5+0.1,4)>=Lower,ROUND(BidScale!F5+0.1,4)<=Upper),ROUND(BidScale!F5+0.1,4),""),"") -> 72.6
A6: =IF(ISNUMBER(BidScale!A6),IF(AND(BidScale!A6>Lower,BidScale!A6<Upper,ROUND(BidScale!A6-0.1,4)>=Lower,ROUND(BidScale!A6-0.1,4)<=Upper),ROUND(BidScale!A6-0.1,4),""),"") -> 24.9 | B6: =IF(ISNUMBER(BidScale!A6),IF(AND(BidScale!A6>Lower,BidScale!A6<Upper,ROUND(BidScale!A6,4)>=Lower,ROUND(BidScale!A6,4)<=Upper),ROUND(BidScale!A6,4),""),"") -> 25 | C6: =IF(ISNUMBER(BidScale!B6),IF(AND(BidScale!B6>Lower,BidScale!B6<Upper,ROUND(BidScale!B6-0.1,4)>=Lower,ROUND(BidScale!B6-0.1,4)<=Upper),ROUND(BidScale!B6-0.1,4),""),"") -> 34.9 | D6: =IF(ISNUMBER(BidScale!B6),IF(AND(BidScale!B6>Lower,BidScale!B6<Upper,ROUND(BidScale!B6,4)>=Lower,ROUND(BidScale!B6,4)<=Upper),ROUND(BidScale!B6,4),""),"") -> 35 | E6: =IF(ISNUMBER(BidScale!C6),IF(AND(BidScale!C6>Lower,BidScale!C6<Upper,ROUND(BidScale!C6-0.1,4)>=Lower,ROUND(BidScale!C6-0.1,4)<=Upper),ROUND(BidScale!C6-0.1,4),""),"") -> 44.9 | F6: =IF(ISNUMBER(BidScale!C6),IF(AND(BidScale!C6>Lower,BidScale!C6<Upper,ROUND(BidScale!C6,4)>=Lower,ROUND(BidScale!C6,4)<=Upper),ROUND(BidScale!C6,4),""),"") -> 45 | G6: =IF(ISNUMBER(BidScale!D6),IF(AND(BidScale!D6>Lower,BidScale!D6<Upper,ROUND(BidScale!D6,4)>=Lower,ROUND(BidScale!D6,4)<=Upper),ROUND(BidScale!D6,4),""),"") -> 55 | H6: =IF(ISNUMBER(BidScale!D6),IF(AND(BidScale!D6>Lower,BidScale!D6<Upper,ROUND(BidScale!D6+0.1,4)>=Lower,ROUND(BidScale!D6+0.1,4)<=Upper),ROUND(BidScale!D6+0.1,4),""),"") -> 55.1 | I6: =IF(ISNUMBER(BidScale!E6),IF(AND(BidScale!E6>Lower,BidScale!E6<Upper,ROUND(BidScale!E6,4)>=Lower,ROUND(BidScale!E6,4)<=Upper),ROUND(BidScale!E6,4),""),"") | J6: =IF(ISNUMBER(BidScale!E6),IF(AND(BidScale!E6>Lower,BidScale!E6<Upper,ROUND(BidScale!E6+0.1,4)>=Lower,ROUND(BidScale!E6+0.1,4)<=Upper),ROUND(BidScale!E6+0.1,4),""),"") | K6: =IF(ISNUMBER(BidScale!F6),IF(AND(BidScale!F6>Lower,BidScale!F6<Upper,ROUND(BidScale!F6,4)>=Lower,ROUND(BidScale!F6,4)<=Upper),ROUND(BidScale!F6,4),""),"") -> 75 | L6: =IF(ISNUMBER(BidScale!F6),IF(AND(BidScale!F6>Lower,BidScale!F6<Upper,ROUND(BidScale!F6+0.1,4)>=Lower,ROUND(BidScale!F6+0.1,4)<=Upper),ROUND(BidScale!F6+0.1,4),""),"") -> 75.1
A7: =IF(ISNUMBER(BidScale!A7),IF(AND(BidScale!A7>Lower,BidScale!A7<Upper,ROUND(BidScale!A7-0.1,4)>=Lower,ROUND(BidScale!A7-0.1,4)<=Upper),ROUND(BidScale!A7-0.1,4),""),"") -> 24.9 | B7: =IF(ISNUMBER(BidScale!A7),IF(AND(BidScale!A7>Lower,BidScale!A7<Upper,ROUND(BidScale!A7,4)>=Lower,ROUND(BidScale!A7,4)<=Upper),ROUND(BidScale!A7,4),""),"") -> 25 | C7: =IF(ISNUMBER(BidScale!B7),IF(AND(BidScale!B7>Lower,BidScale!B7<Upper,ROUND(BidScale!B7-0.1,4)>=Lower,ROUND(BidScale!B7-0.1,4)<=Upper),ROUND(BidScale!B7-0.1,4),""),"") -> 34.9 | D7: =IF(ISNUMBER(BidScale!B7),IF(AND(BidScale!B7>Lower,BidScale!B7<Upper,ROUND(BidScale!B7,4)>=Lower,ROUND(BidScale!B7,4)<=Upper),ROUND(BidScale!B7,4),""),"") -> 35 | E7: =IF(ISNUMBER(BidScale!C7),IF(AND(BidScale!C7>Lower,BidScale!C7<Upper,ROUND(BidScale!C7-0.1,4)>=Lower,ROUND(BidScale!C7-0.1,4)<=Upper),ROUND(BidScale!C7-0.1,4),""),"") -> 44.9 | F7: =IF(ISNUMBER(BidScale!C7),IF(AND(BidScale!C7>Lower,BidScale!C7<Upper,ROUND(BidScale!C7,4)>=Lower,ROUND(BidScale!C7,4)<=Upper),ROUND(BidScale!C7,4),""),"") -> 45 | G7: =IF(ISNUMBER(BidScale!D7),IF(AND(BidScale!D7>Lower,BidScale!D7<Upper,ROUND(BidScale!D7,4)>=Lower,ROUND(BidScale!D7,4)<=Upper),ROUND(BidScale!D7,4),""),"") -> 55 | H7: =IF(ISNUMBER(BidScale!D7),IF(AND(BidScale!D7>Lower,BidScale!D7<Upper,ROUND(BidScale!D7+0.1,4)>=Lower,ROUND(BidScale!D7+0.1,4)<=Upper),ROUND(BidScale!D7+0.1,4),""),"") -> 55.1 | I7: =IF(ISNUMBER(BidScale!E7),IF(AND(BidScale!E7>Lower,BidScale!E7<Upper,ROUND(BidScale!E7,4)>=Lower,ROUND(BidScale!E7,4)<=Upper),ROUND(BidScale!E7,4),""),"") -> 65 | J7: =IF(ISNUMBER(BidScale!E7),IF(AND(BidScale!E7>Lower,BidScale!E7<Upper,ROUND(BidScale!E7+0.1,4)>=Lower,ROUND(BidScale!E7+0.1,4)<=Upper),ROUND(BidScale!E7+0.1,4),""),"") -> 65.1 | K7: =IF(ISNUMBER(BidScale!F7),IF(AND(BidScale!F7>Lower,BidScale!F7<Upper,ROUND(BidScale!F7,4)>=Lower,ROUND(BidScale!F7,4)<=Upper),ROUND(BidScale!F7,4),""),"") | L7: =IF(ISNUMBER(BidScale!F7),IF(AND(BidScale!F7>Lower,BidScale!F7<Upper,ROUND(BidScale!F7+0.1,4)>=Lower,ROUND(BidScale!F7+0.1,4)<=Upper),ROUND(BidScale!F7+0.1,4),""),"")
A8: =IF(ISNUMBER(BidScale!A8),IF(AND(BidScale!A8>Lower,BidScale!A8<Upper,ROUND(BidScale!A8-0.1,4)>=Lower,ROUND(BidScale!A8-0.1,4)<=Upper),ROUND(BidScale!A8-0.1,4),""),"") | B8: =IF(ISNUMBER(BidScale!A8),IF(AND(BidScale!A8>Lower,BidScale!A8<Upper,ROUND(BidScale!A8,4)>=Lower,ROUND(BidScale!A8,4)<=Upper),ROUND(BidScale!A8,4),""),"") | C8: =IF(ISNUMBER(BidScale!B8),IF(AND(BidScale!B8>Lower,BidScale!B8<Upper,ROUND(BidScale!B8-0.1,4)>=Lower,ROUND(BidScale!B8-0.1,4)<=Upper),ROUND(BidScale!B8-0.1,4),""),"") -> 32.4 | D8: =IF(ISNUMBER(BidScale!B8),IF(AND(BidScale!B8>Lower,BidScale!B8<Upper,ROUND(BidScale!B8,4)>=Lower,ROUND(BidScale!B8,4)<=Upper),ROUND(BidScale!B8,4),""),"") -> 32.5 | E8: =IF(ISNUMBER(BidScale!C8),IF(AND(BidScale!C8>Lower,BidScale!C8<Upper,ROUND(BidScale!C8-0.1,4)>=Lower,ROUND(BidScale!C8-0.1,4)<=Upper),ROUND(BidScale!C8-0.1,4),""),"") -> 42.4 | F8: =IF(ISNUMBER(BidScale!C8),IF(AND(BidScale!C8>Lower,BidScale!C8<Upper,ROUND(BidScale!C8,4)>=Lower,ROUND(BidScale!C8,4)<=Upper),ROUND(BidScale!C8,4),""),"") -> 42.5 | G8: =IF(ISNUMBER(BidScale!D8),IF(AND(BidScale!D8>Lower,BidScale!D8<Upper,ROUND(BidScale!D8,4)>=Lower,ROUND(BidScale!D8,4)<=Upper),ROUND(BidScale!D8,4),""),"") -> 52.5 | H8: =IF(ISNUMBER(BidScale!D8),IF(AND(BidScale!D8>Lower,BidScale!D8<Upper,ROUND(BidScale!D8+0.1,4)>=Lower,ROUND(BidScale!D8+0.1,4)<=Upper),ROUND(BidScale!D8+0.1,4),""),"") -> 52.6 | I8: =IF(ISNUMBER(BidScale!E8),IF(AND(BidScale!E8>Lower,BidScale!E8<Upper,ROUND(BidScale!E8,4)>=Lower,ROUND(BidScale!E8,4)<=Upper),ROUND(BidScale!E8,4),""),"") -> 62.5 | J8: =IF(ISNUMBER(BidScale!E8),IF(AND(BidScale!E8>Lower,BidScale!E8<Upper,ROUND(BidScale!E8+0.1,4)>=Lower,ROUND(BidScale!E8+0.1,4)<=Upper),ROUND(BidScale!E8+0.1,4),""),"") -> 62.6 | K8: =IF(ISNUMBER(BidScale!F8),IF(AND(BidScale!F8>Lower,BidScale!F8<Upper,ROUND(BidScale!F8,4)>=Lower,ROUND(BidScale!F8,4)<=Upper),ROUND(BidScale!F8,4),""),"") -> 72.5 | L8: =IF(ISNUMBER(BidScale!F8),IF(AND(BidScale!F8>Lower,BidScale!F8<Upper,ROUND(BidScale!F8+0.1,4)>=Lower,ROUND(BidScale!F8+0.1,4)<=Upper),ROUND(BidScale!F8+0.1,4),""),"") -> 72.6
A9: =IF(ISNUMBER(BidScale!A9),IF(AND(BidScale!A9>Lower,BidScale!A9<Upper,ROUND(BidScale!A9-0.1,4)>=Lower,ROUND(BidScale!A9-0.1,4)<=Upper),ROUND(BidScale!A9-0.1,4),""),"") -> 17.4 | B9: =IF(ISNUMBER(BidScale!A9),IF(AND(BidScale!A9>Lower,BidScale!A9<Upper,ROUND(BidScale!A9,4)>=Lower,ROUND(BidScale!A9,4)<=Upper),ROUND(BidScale!A9,4),""),"") -> 17.5 | C9: =IF(ISNUMBER(BidScale!B9),IF(AND(BidScale!B9>Lower,BidScale!B9<Upper,ROUND(BidScale!B9-0.1,4)>=Lower,ROUND(BidScale!B9-0.1,4)<=Upper),ROUND(BidScale!B9-0.1,4),""),"") -> 27.4 | D9: =IF(ISNUMBER(BidScale!B9),IF(AND(BidScale!B9>Lower,BidScale!B9<Upper,ROUND(BidScale!B9,4)>=Lower,ROUND(BidScale!B9,4)<=Upper),ROUND(BidScale!B9,4),""),"") -> 27.5 | E9: =IF(ISNUMBER(BidScale!C9),IF(AND(BidScale!C9>Lower,BidScale!C9<Upper,ROUND(BidScale!C9-0.1,4)>=Lower,ROUND(BidScale!C9-0.1,4)<=Upper),ROUND(BidScale!C9-0.1,4),""),"") -> 37.4 | F9: =IF(ISNUMBER(BidScale!C9),IF(AND(BidScale!C9>Lower,BidScale!C9<Upper,ROUND(BidScale!C9,4)>=Lower,ROUND(BidScale!C9,4)<=Upper),ROUND(BidScale!C9,4),""),"") -> 37.5 | G9: =IF(ISNUMBER(BidScale!D9),IF(AND(BidScale!D9>Lower,BidScale!D9<Upper,ROUND(BidScale!D9,4)>=Lower,ROUND(BidScale!D9,4)<=Upper),ROUND(BidScale!D9,4),""),"") | H9: =IF(ISNUMBER(BidScale!D9),IF(AND(BidScale!D9>Lower,BidScale!D9<Upper,ROUND(BidScale!D9+0.1,4)>=Lower,ROUND(BidScale!D9+0.1,4)<=Upper),ROUND(BidScale!D9+0.1,4),""),"") | I9: =IF(ISNUMBER(BidScale!E9),IF(AND(BidScale!E9>Lower,BidScale!E9<Upper,ROUND(BidScale!E9,4)>=Lower,ROUND(BidScale!E9,4)<=Upper),ROUND(BidScale!E9,4),""),"") -> 57.5 | J9: =IF(ISNUMBER(BidScale!E9),IF(AND(BidScale!E9>Lower,BidScale!E9<Upper,ROUND(BidScale!E9+0.1,4)>=Lower,ROUND(BidScale!E9+0.1,4)<=Upper),ROUND(BidScale!E9+0.1,4),""),"") -> 57.6 | K9: =IF(ISNUMBER(BidScale!F9),IF(AND(BidScale!F9>Lower,BidScale!F9<Upper,ROUND(BidScale!F9,4)>=Lower,ROUND(BidScale!F9,4)<=Upper),ROUND(BidScale!F9,4),""),"") -> 67.5 | L9: =IF(ISNUMBER(BidScale!F9),IF(AND(BidScale!F9>Lower,BidScale!F9<Upper,ROUND(BidScale!F9+0.1,4)>=Lower,ROUND(BidScale!F9+0.1,4)<=Upper),ROUND(BidScale!F9+0.1,4),""),"") -> 67.6
A10: =IF(ISNUMBER(BidScale!A10),IF(AND(BidScale!A10>Lower,BidScale!A10<Upper,ROUND(BidScale!A10-0.1,4)>=Lower,ROUND(BidScale!A10-0.1,4)<=Upper),ROUND(BidScale!A10-0.1,4),""),"") -> 19.9 | B10: =IF(ISNUMBER(BidScale!A10),IF(AND(BidScale!A10>Lower,BidScale!A10<Upper,ROUND(BidScale!A10,4)>=Lower,ROUND(BidScale!A10,4)<=Upper),ROUND(BidScale!A10,4),""),"") -> 20 | C10: =IF(ISNUMBER(BidScale!B10),IF(AND(BidScale!B10>Lower,BidScale!B10<Upper,ROUND(BidScale!B10-0.1,4)>=Lower,ROUND(BidScale!B10-0.1,4)<=Upper),ROUND(BidScale!B10-0.1,4),""),"") -> 29.9 | D10: =IF(ISNUMBER(BidScale!B10),IF(AND(BidScale!B10>Lower,BidScale!B10<Upper,ROUND(BidScale!B10,4)>=Lower,ROUND(BidScale!B10,4)<=Upper),ROUND(BidScale!B10,4),""),"") -> 30 | E10: =IF(ISNUMBER(BidScale!C10),IF(AND(BidScale!C10>Lower,BidScale!C10<Upper,ROUND(BidScale!C10-0.1,4)>=Lower,ROUND(BidScale!C10-0.1,4)<=Upper),ROUND(BidScale!C10-0.1,4),""),"") | F10: =IF(ISNUMBER(BidScale!C10),IF(AND(BidScale!C10>Lower,BidScale!C10<Upper,ROUND(BidScale!C10,4)>=Lower,ROUND(BidScale!C10,4)<=Upper),ROUND(BidScale!C10,4),""),"") | G10: =IF(ISNUMBER(BidScale!D10),IF(AND(BidScale!D10>Lower,BidScale!D10<Upper,ROUND(BidScale!D10,4)>=Lower,ROUND(BidScale!D10,4)<=Upper),ROUND(BidScale!D10,4),""),"") -> 50 | H10: =IF(ISNUMBER(BidScale!D10),IF(AND(BidScale!D10>Lower,BidScale!D10<Upper,ROUND(BidScale!D10+0.1,4)>=Lower,ROUND(BidScale!D10+0.1,4)<=Upper),ROUND(BidScale!D10+0.1,4),""),"") -> 50.1 | I10: =IF(ISNUMBER(BidScale!E10),IF(AND(BidScale!E10>Lower,BidScale!E10<Upper,ROUND(BidScale!E10,4)>=Lower,ROUND(BidScale!E10,4)<=Upper),ROUND(BidScale!E10,4),""),"") -> 60 | J10: =IF(ISNUMBER(BidScale!E10),IF(AND(BidScale!E10>Lower,BidScale!E10<Upper,ROUND(BidScale!E10+0.1,4)>=Lower,ROUND(BidScale!E10+0.1,4)<=Upper),ROUND(BidScale!E10+0.1,4),""),"") -> 60.1 | K10: =IF(ISNUMBER(BidScale!F10),IF(AND(BidScale!F10>Lower,BidScale!F10<Upper,ROUND(BidScale!F10,4)>=Lower,ROUND(BidScale!F10,4)<=Upper),ROUND(BidScale!F10,4),""),"") -> 70 | L10: =IF(ISNUMBER(BidScale!F10),IF(AND(BidScale!F10>Lower,BidScale!F10<Upper,ROUND(BidScale!F10+0.1,4)>=Lower,ROUND(BidScale!F10+0.1,4)<=Upper),ROUND(BidScale!F10+0.1,4),""),"") -> 70.1
A11: =IF(ISNUMBER(BidScale!A11),IF(AND(BidScale!A11>Lower,BidScale!A11<Upper,ROUND(BidScale!A11-0.1,4)>=Lower,ROUND(BidScale!A11-0.1,4)<=Upper),ROUND(BidScale!A11-0.1,4),""),"") -> 22.4 | B11: =IF(ISNUMBER(BidScale!A11),IF(AND(BidScale!A11>Lower,BidScale!A11<Upper,ROUND(BidScale!A11,4)>=Lower,ROUND(BidScale!A11,4)<=Upper),ROUND(BidScale!A11,4),""),"") -> 22.5 | C11: =IF(ISNUMBER(BidScale!B11),IF(AND(BidScale!B11>Lower,BidScale!B11<Upper,ROUND(BidScale!B11-0.1,4)>=Lower,ROUND(BidScale!B11-0.1,4)<=Upper),ROUND(BidScale!B11-0.1,4),""),"") -> 32.4 | D11: =IF(ISNUMBER(BidScale!B11),IF(AND(BidScale!B11>Lower,BidScale!B11<Upper,ROUND(BidScale!B11,4)>=Lower,ROUND(BidScale!B11,4)<=Upper),ROUND(BidScale!B11,4),""),"") -> 32.5 | E11: =IF(ISNUMBER(BidScale!C11),IF(AND(BidScale!C11>Lower,BidScale!C11<Upper,ROUND(BidScale!C11-0.1,4)>=Lower,ROUND(BidScale!C11-0.1,4)<=Upper),ROUND(BidScale!C11-0.1,4),""),"") -> 42.4 | F11: =IF(ISNUMBER(BidScale!C11),IF(AND(BidScale!C11>Lower,BidScale!C11<Upper,ROUND(BidScale!C11,4)>=Lower,ROUND(BidScale!C11,4)<=Upper),ROUND(BidScale!C11,4),""),"") -> 42.5 | G11: =IF(ISNUMBER(BidScale!D11),IF(AND(BidScale!D11>Lower,BidScale!D11<Upper,ROUND(BidScale!D11,4)>=Lower,ROUND(BidScale!D11,4)<=Upper),ROUND(BidScale!D11,4),""),"") -> 52.5 | H11: =IF(ISNUMBER(BidScale!D11),IF(AND(BidScale!D11>Lower,BidScale!D11<Upper,ROUND(BidScale!D11+0.1,4)>=Lower,ROUND(BidScale!D11+0.1,4)<=Upper),ROUND(BidScale!D11+0.1,4),""),"") -> 52.6 | I11: =IF(ISNUMBER(BidScale!E11),IF(AND(BidScale!E11>Lower,BidScale!E11<Upper,ROUND(BidScale!E11,4)>=Lower,ROUND(BidScale!E11,4)<=Upper),ROUND(BidScale!E11,4),""),"") -> 62.5 | J11: =IF(ISNUMBER(BidScale!E11),IF(AND(BidScale!E11>Lower,BidScale!E11<Upper,ROUND(BidScale!E11+0.1,4)>=Lower,ROUND(BidScale!E11+0.1,4)<=Upper),ROUND(BidScale!E11+0.1,4),""),"") -> 62.6 | K11: =IF(ISNUMBER(BidScale!F11),IF(AND(BidScale!F11>Lower,BidScale!F11<Upper,ROUND(BidScale!F11,4)>=Lower,ROUND(BidScale!F11,4)<=Upper),ROUND(BidScale!F11,4),""),"") | L11: =IF(ISNUMBER(BidScale!F11),IF(AND(BidScale!F11>Lower,BidScale!F11<Upper,ROUND(BidScale!F11+0.1,4)>=Lower,ROUND(BidScale!F11+0.1,4)<=Upper),ROUND(BidScale!F11+0.1,4),""),"")
A12: =IF(ISNUMBER(BidScale!A12),IF(AND(BidScale!A12>Lower,BidScale!A12<Upper,ROUND(BidScale!A12-0.1,4)>=Lower,ROUND(BidScale!A12-0.1,4)<=Upper),ROUND(BidScale!A12-0.1,4),""),"") -> 17.4 | B12: =IF(ISNUMBER(BidScale!A12),IF(AND(BidScale!A12>Lower,BidScale!A12<Upper,ROUND(BidScale!A12,4)>=Lower,ROUND(BidScale!A12,4)<=Upper),ROUND(BidScale!A12,4),""),"") -> 17.5 | C12: =IF(ISNUMBER(BidScale!B12),IF(AND(BidScale!B12>Lower,BidScale!B12<Upper,ROUND(BidScale!B12-0.1,4)>=Lower,ROUND(BidScale!B12-0.1,4)<=Upper),ROUND(BidScale!B12-0.1,4),""),"") -> 49.9 | D12: =IF(ISNUMBER(BidScale!B12),IF(AND(BidScale!B12>Lower,BidScale!B12<Upper,ROUND(BidScale!B12,4)>=Lower,ROUND(BidScale!B12,4)<=Upper),ROUND(BidScale!B12,4),""),"") -> 50 | E12: =IF(ISNUMBER(BidScale!C12),IF(AND(BidScale!C12>Lower,BidScale!C12<Upper,ROUND(BidScale!C12-0.1,4)>=Lower,ROUND(BidScale!C12-0.1,4)<=Upper),ROUND(BidScale!C12-0.1,4),""),"") -> 37.4 | F12: =IF(ISNUMBER(BidScale!C12),IF(AND(BidScale!C12>Lower,BidScale!C12<Upper,ROUND(BidScale!C12,4)>=Lower,ROUND(BidScale!C12,4)<=Upper),ROUND(BidScale!C12,4),""),"") -> 37.5 | G12: =IF(ISNUMBER(BidScale!D12),IF(AND(BidScale!D12>Lower,BidScale!D12<Upper,ROUND(BidScale!D12,4)>=Lower,ROUND(BidScale!D12,4)<=Upper),ROUND(BidScale!D12,4),""),"") -> 47.5 | H12: =IF(ISNUMBER(BidScale!D12),IF(AND(BidScale!D12>Lower,BidScale!D12<Upper,ROUND(BidScale!D12+0.1,4)>=Lower,ROUND(BidScale!D12+0.1,4)<=Upper),ROUND(BidScale!D12+0.1,4),""),"") -> 47.6 | I12: =IF(ISNUMBER(BidScale!E12),IF(AND(BidScale!E12>Lower,BidScale!E12<Upper,ROUND(BidScale!E12,4)>=Lower,ROUND(BidScale!E12,4)<=Upper),ROUND(BidScale!E12,4),""),"") -> 50 | J12: =IF(ISNUMBER(BidScale!E12),IF(AND(BidScale!E12>Lower,BidScale!E12<Upper,ROUND(BidScale!E12+0.1,4)>=Lower,ROUND(BidScale!E12+0.1,4)<=Upper),ROUND(BidScale!E12+0.1,4),""),"") -> 50.1 | K12: =IF(ISNUMBER(BidScale!F12),IF(AND(BidScale!F12>Lower,BidScale!F12<Upper,ROUND(BidScale!F12,4)>=Lower,ROUND(BidScale!F12,4)<=Upper),ROUND(BidScale!F12,4),""),"") -> 67.5 | L12: =IF(ISNUMBER(BidScale!F12),IF(AND(BidScale!F12>Lower,BidScale!F12<Upper,ROUND(BidScale!F12+0.1,4)>=Lower,ROUND(BidScale!F12+0.1,4)<=Upper),ROUND(BidScale!F12+0.1,4),""),"") -> 67.6
A13: =IF(ISNUMBER(BidScale!A13),IF(AND(BidScale!A13>Lower,BidScale!A13<Upper,ROUND(BidScale!A13-0.1,4)>=Lower,ROUND(BidScale!A13-0.1,4)<=Upper),ROUND(BidScale!A13-0.1,4),""),"") -> 74.9 | B13: =IF(ISNUMBER(BidScale!A13),IF(AND(BidScale!A13>Lower,BidScale!A13<Upper,ROUND(BidScale!A13,4)>=Lower,ROUND(BidScale!A13,4)<=Upper),ROUND(BidScale!A13,4),""),"") -> 75 | C13: =IF(ISNUMBER(BidScale!B13),IF(AND(BidScale!B13>Lower,BidScale!B13<Upper,ROUND(BidScale!B13-0.1,4)>=Lower,ROUND(BidScale!B13-0.1,4)<=Upper),ROUND(BidScale!B13-0.1,4),""),"") -> 24.9 | D13: =IF(ISNUMBER(BidScale!B13),IF(AND(BidScale!B13>Lower,BidScale!B13<Upper,ROUND(BidScale!B13,4)>=Lower,ROUND(BidScale!B13,4)<=Upper),ROUND(BidScale!B13,4),""),"") -> 25 | E13: =IF(ISNUMBER(BidScale!C13),IF(AND(BidScale!C13>Lower,BidScale!C13<Upper,ROUND(BidScale!C13-0.1,4)>=Lower,ROUND(BidScale!C13-0.1,4)<=Upper),ROUND(BidScale!C13-0.1,4),""),"") -> 34.9 | F13: =IF(ISNUMBER(BidScale!C13),IF(AND(BidScale!C13>Lower,BidScale!C13<Upper,ROUND(BidScale!C13,4)>=Lower,ROUND(BidScale!C13,4)<=Upper),ROUND(BidScale!C13,4),""),"") -> 35 | G13: =IF(ISNUMBER(BidScale!D13),IF(AND(BidScale!D13>Lower,BidScale!D13<Upper,ROUND(BidScale!D13,4)>=Lower,ROUND(BidScale!D13,4)<=Upper),ROUND(BidScale!D13,4),""),"") -> 75 | H13: =IF(ISNUMBER(BidScale!D13),IF(AND(BidScale!D13>Lower,BidScale!D13<Upper,ROUND(BidScale!D13+0.1,4)>=Lower,ROUND(BidScale!D13+0.1,4)<=Upper),ROUND(BidScale!D13+0.1,4),""),"") -> 75.1 | I13: =IF(ISNUMBER(BidScale!E13),IF(AND(BidScale!E13>Lower,BidScale!E13<Upper,ROUND(BidScale!E13,4)>=Lower,ROUND(BidScale!E13,4)<=Upper),ROUND(BidScale!E13,4),""),"") -> 55 | J13: =IF(ISNUMBER(BidScale!E13),IF(AND(BidScale!E13>Lower,BidScale!E13<Upper,ROUND(BidScale!E13+0.1,4)>=Lower,ROUND(BidScale!E13+0.1,4)<=Upper),ROUND(BidScale!E13+0.1,4),""),"") -> 55.1 | K13: =IF(ISNUMBER(BidScale!F13),IF(AND(BidScale!F13>Lower,BidScale!F13<Upper,ROUND(BidScale!F13,4)>=Lower,ROUND(BidScale!F13,4)<=Upper),ROUND(BidScale!F13,4),""),"") -> 65 | L13: =IF(ISNUMBER(BidScale!F13),IF(AND(BidScale!F13>Lower,BidScale!F13<Upper,ROUND(BidScale!F13+0.1,4)>=Lower,ROUND(BidScale!F13+0.1,4)<=Upper),ROUND(BidScale!F13+0.1,4),""),"") -> 65.1
A14: =IF(ISNUMBER(BidScale!A14),IF(AND(BidScale!A14>Lower,BidScale!A14<Upper,ROUND(BidScale!A14-0.1,4)>=Lower,ROUND(BidScale!A14-0.1,4)<=Upper),ROUND(BidScale!A14-0.1,4),""),"") -> 17.4 | B14: =IF(ISNUMBER(BidScale!A14),IF(AND(BidScale!A14>Lower,BidScale!A14<Upper,ROUND(BidScale!A14,4)>=Lower,ROUND(BidScale!A14,4)<=Upper),ROUND(BidScale!A14,4),""),"") -> 17.5 | C14: =IF(ISNUMBER(BidScale!B14),IF(AND(BidScale!B14>Lower,BidScale!B14<Upper,ROUND(BidScale!B14-0.1,4)>=Lower,ROUND(BidScale!B14-0.1,4)<=Upper),ROUND(BidScale!B14-0.1,4),""),"") -> 27.4 | D14: =IF(ISNUMBER(BidScale!B14),IF(AND(BidScale!B14>Lower,BidScale!B14<Upper,ROUND(BidScale!B14,4)>=Lower,ROUND(BidScale!B14,4)<=Upper),ROUND(BidScale!B14,4),""),"") -> 27.5 | E14: =IF(ISNUMBER(BidScale!C14),IF(AND(BidScale!C14>Lower,BidScale!C14<Upper,ROUND(BidScale!C14-0.1,4)>=Lower,ROUND(BidScale!C14-0.1,4)<=Upper),ROUND(BidScale!C14-0.1,4),""),"") -> 37.4 | F14: =IF(ISNUMBER(BidScale!C14),IF(AND(BidScale!C14>Lower,BidScale!C14<Upper,ROUND(BidScale!C14,4)>=Lower,ROUND(BidScale!C14,4)<=Upper),ROUND(BidScale!C14,4),""),"") -> 37.5 | G14: =IF(ISNUMBER(BidScale!D14),IF(AND(BidScale!D14>Lower,BidScale!D14<Upper,ROUND(BidScale!D14,4)>=Lower,ROUND(BidScale!D14,4)<=Upper),ROUND(BidScale!D14,4),""),"") -> 47.5 | H14: =IF(ISNUMBER(BidScale!D14),IF(AND(BidScale!D14>Lower,BidScale!D14<Upper,ROUND(BidScale!D14+0.1,4)>=Lower,ROUND(BidScale!D14+0.1,4)<=Upper),ROUND(BidScale!D14+0.1,4),""),"") -> 47.6 | I14: =IF(ISNUMBER(BidScale!E14),IF(AND(BidScale!E14>Lower,BidScale!E14<Upper,ROUND(BidScale!E14,4)>=Lower,ROUND(BidScale!E14,4)<=Upper),ROUND(BidScale!E14,4),""),"") -> 57.5 | J14: =IF(ISNUMBER(BidScale!E14),IF(AND(BidScale!E14>Lower,BidScale!E14<Upper,ROUND(BidScale!E14+0.1,4)>=Lower,ROUND(BidScale!E14+0.1,4)<=Upper),ROUND(BidScale!E14+0.1,4),""),"") -> 57.6 | K14: =IF(ISNUMBER(BidScale!F14),IF(AND(BidScale!F14>Lower,BidScale!F14<Upper,ROUND(BidScale!F14,4)>=Lower,ROUND(BidScale!F14,4)<=Upper),ROUND(BidScale!F14,4),""),"") -> 67.5 | L14: =IF(ISNUMBER(BidScale!F14),IF(AND(BidScale!F14>Lower,BidScale!F14<Upper,ROUND(BidScale!F14+0.1,4)>=Lower,ROUND(BidScale!F14+0.1,4)<=Upper),ROUND(BidScale!F14+0.1,4),""),"") -> 67.6
... A97: =IF(ISNUMBER(BidScale!A97),IF(AND(BidScale!A97>Lower,BidScale!A97<Upper,ROUND(BidScale!A97-0.1,4)>=Lower,ROUND(BidScale!A97-0.1,4)<=Upper),ROUND(BidScale!A97-0.1,4),""),"") -> 29.9 | B97: =IF(ISNUMBER(BidScale!A97),IF(AND(BidScale!A97>Lower,BidScale!A97<Upper,ROUND(BidScale!A97,4)>=Lower,ROUND(BidScale!A97,4)<=Upper),ROUND(BidScale!A97,4),""),"") -> 30 | C97: =IF(ISNUMBER(BidScale!B97),IF(AND(BidScale!B97>Lower,BidScale!B97<Upper,ROUND(BidScale!B97-0.1,4)>=Lower,ROUND(BidScale!B97-0.1,4)<=Upper),ROUND(BidScale!B97-0.1,4),""),"") -> 39.9 | D97: =IF(ISNUMBER(BidScale!B97),IF(AND(BidScale!B97>Lower,BidScale!B97<Upper,ROUND(BidScale!B97,4)>=Lower,ROUND(BidScale!B97,4)<=Upper),ROUND(BidScale!B97,4),""),"") -> 40 | E97: =IF(ISNUMBER(BidScale!C97),IF(AND(BidScale!C97>Lower,BidScale!C97<Upper,ROUND(BidScale!C97-0.1,4)>=Lower,ROUND(BidScale!C97-0.1,4)<=Upper),ROUND(BidScale!C97-0.1,4),""),"") -> 49.9 | F97: =IF(ISNUMBER(BidScale!C97),IF(AND(BidScale!C97>Lower,BidScale!C97<Upper,ROUND(BidScale!C97,4)>=Lower,ROUND(BidScale!C97,4)<=Upper),ROUND(BidScale!C97,4),""),"") -> 50 | G97: =IF(ISNUMBER(BidScale!D97),IF(AND(BidScale!D97>Lower,BidScale!D97<Upper,ROUND(BidScale!D97,4)>=Lower,ROUND(BidScale!D97,4)<=Upper),ROUND(BidScale!D97,4),""),"") -> 60 | H97: =IF(ISNUMBER(BidScale!D97),IF(AND(BidScale!D97>Lower,BidScale!D97<Upper,ROUND(BidScale!D97+0.1,4)>=Lower,ROUND(BidScale!D97+0.1,4)<=Upper),ROUND(BidScale!D97+0.1,4),""),"") -> 60.1 | I97: =IF(ISNUMBER(BidScale!E97),IF(AND(BidScale!E97>Lower,BidScale!E97<Upper,ROUND(BidScale!E97,4)>=Lower,ROUND(BidScale!E97,4)<=Upper),ROUND(BidScale!E97,4),""),"") -> 70 | J97: =IF(ISNUMBER(BidScale!E97),IF(AND(BidScale!E97>Lower,BidScale!E97<Upper,ROUND(BidScale!E97+0.1,4)>=Lower,ROUND(BidScale!E97+0.1,4)<=Upper),ROUND(BidScale!E97+0.1,4),""),"") -> 70.1 | K97: =IF(ISNUMBER(BidScale!F97),IF(AND(BidScale!F97>Lower,BidScale!F97<Upper,ROUND(BidScale!F97,4)>=Lower,ROUND(BidScale!F97,4)<=Upper),ROUND(BidScale!F97,4),""),"") -> 80 | L97: =IF(ISNUMBER(BidScale!F97),IF(AND(BidScale!F97>Lower,BidScale!F97<Upper,ROUND(BidScale!F97+0.1,4)>=Lower,ROUND(BidScale!F97+0.1,4)<=Upper),ROUND(BidScale!F97+0.1,4),""),"") -> 80.1
